{"cameraMode":{"drawMode":0,"name":"Shaded","section":"Shading Mode"},"sceneLighting":true,"audioPlay":false,"sceneViewState":{"showFog":true,"showMaterialUpdate":true,"showSkybox":true,"showFlares":true,"showImageEffects":true,"showParticleSystems":true},"in2DMode":false,"pivot":{"x":-31.426483154296876,"y":-7.519597053527832,"z":-31.36703872680664},"rotation":{"x":-0.208255335688591,"y":-0.4407045245170593,"z":0.10589493811130524,"w":-0.8667235970497131},"size":28.16486930847168,"orthographic":false}